{"skeleton":{"hash":"eCmDBkJ9Do8BnHYMDKmijnWZ92Q","spine":"3.6.53","width":157,"height":98.78,"images":"./x2/"},"bones":[{"name":"root"},{"name":"x2","parent":"root","length":48.56,"rotation":0.96,"x":-1.81,"y":20.22},{"name":"k","parent":"x2","length":46.08,"rotation":38.65,"x":38.61,"y":-9.22},{"name":"k2","parent":"x2","length":46.08,"rotation":-50.81,"x":-31.59,"y":-10.08,"scaleX":-0.923,"scaleY":-0.923},{"name":"l","parent":"x2","length":69.77,"rotation":88.37,"x":1.47,"y":-9.82},{"name":"sao","parent":"x2","x":69.55,"y":-13.82},{"name":"sao2","parent":"x2","x":-60.44,"y":-3.06,"scaleX":-1.316,"scaleY":-1.316},{"name":"v","parent":"x2","length":35.47,"rotation":-157.94,"x":-29.35,"y":1.72},{"name":"v2","parent":"x2","length":35.47,"rotation":154.78,"x":35.89,"y":-1.42,"scaleX":-0.958,"scaleY":-0.958}],"slots":[{"name":"l","bone":"l","attachment":"l"},{"name":"k","bone":"k","attachment":"k"},{"name":"k2","bone":"k2","attachment":"k"},{"name":"v","bone":"v","attachment":"v"},{"name":"v2","bone":"v2","attachment":"v"},{"name":"sao","bone":"sao","attachment":"sao"},{"name":"sao2","bone":"sao2","attachment":"sao"},{"name":"x2","bone":"x2","attachment":"x2"},{"name":"x3","bone":"x2","color":"ffffff00","attachment":"x2","blend":"additive"}],"skins":{"default":{"k":{"k":{"x":24.57,"y":2.27,"rotation":-39.61,"width":51,"height":48}},"k2":{"k":{"x":24.57,"y":2.27,"rotation":-39.61,"width":51,"height":48}},"l":{"l":{"x":30.6,"y":-1.82,"rotation":-89.33,"width":157,"height":79}},"sao":{"sao":{"x":-8.42,"y":4.05,"rotation":-0.96,"width":32,"height":33}},"sao2":{"sao":{"x":-8.42,"y":4.05,"rotation":-0.96,"width":32,"height":33}},"v":{"v":{"x":5.76,"y":-0.68,"rotation":156.97,"width":62,"height":40}},"v2":{"v":{"x":5.76,"y":-0.68,"rotation":156.97,"width":62,"height":40}},"x2":{"x2":{"x":1.84,"y":1.75,"rotation":-0.96,"width":109,"height":61}},"x3":{"x2":{"x":1.84,"y":1.75,"rotation":-0.96,"width":109,"height":61}}}},"animations":{"animation":{"slots":{"x3":{"color":[{"time":0,"color":"ffffff00"},{"time":0.6667,"color":"ffffff5d"},{"time":1.3333,"color":"ffffff00"}]}},"bones":{"x2":{"rotate":[{"time":0,"angle":0,"curve":"stepped"},{"time":1.3333,"angle":0}],"translate":[{"time":0,"x":0,"y":0},{"time":0.6667,"x":-0.05,"y":2.91},{"time":1.3333,"x":0,"y":0}],"scale":[{"time":0,"x":1,"y":1,"curve":"stepped"},{"time":1.3333,"x":1,"y":1}]},"root":{"rotate":[{"time":0,"angle":0,"curve":"stepped"},{"time":1.3333,"angle":0}],"translate":[{"time":0,"x":0,"y":0,"curve":"stepped"},{"time":1.3333,"x":0,"y":0}],"scale":[{"time":0,"x":1,"y":1,"curve":"stepped"},{"time":1.3333,"x":1,"y":1}]},"l":{"rotate":[{"time":0,"angle":0,"curve":"stepped"},{"time":1.3333,"angle":0}],"translate":[{"time":0,"x":0,"y":0},{"time":0.6667,"x":0.06,"y":2.03},{"time":1.3333,"x":0,"y":0}],"scale":[{"time":0,"x":1,"y":1},{"time":0.6667,"x":1.272,"y":1.272},{"time":1.3333,"x":1,"y":1}]},"v":{"rotate":[{"time":0,"angle":0},{"time":0.6667,"angle":-5.53},{"time":1.3333,"angle":0}],"translate":[{"time":0,"x":0,"y":0},{"time":0.6667,"x":-6.29,"y":-0.21},{"time":1.3333,"x":0,"y":0}],"scale":[{"time":0,"x":1,"y":1,"curve":"stepped"},{"time":1.3333,"x":1,"y":1}]},"k":{"rotate":[{"time":0,"angle":0,"curve":"stepped"},{"time":0.3333,"angle":0,"curve":"stepped"},{"time":0.6667,"angle":0,"curve":"stepped"},{"time":1.3333,"angle":0}],"translate":[{"time":0,"x":-1.39,"y":-4.77},{"time":0.1667,"x":5.97,"y":1.99},{"time":0.3333,"x":-1.39,"y":-4.77},{"time":0.5,"x":5.97,"y":1.99},{"time":0.6667,"x":-1.39,"y":-4.77,"curve":"stepped"},{"time":1.3333,"x":-1.39,"y":-4.77}],"scale":[{"time":0,"x":1,"y":1,"curve":"stepped"},{"time":0.3333,"x":1,"y":1,"curve":"stepped"},{"time":0.6667,"x":1,"y":1,"curve":"stepped"},{"time":1.3333,"x":1,"y":1}]},"sao":{"rotate":[{"time":0,"angle":0,"curve":"stepped"},{"time":1.3333,"angle":0}],"translate":[{"time":0,"x":0,"y":0},{"time":0.6667,"x":-5.4,"y":1.81},{"time":1.3333,"x":0,"y":0}],"scale":[{"time":0,"x":1,"y":1},{"time":0.6667,"x":1.228,"y":1.228},{"time":1.3333,"x":1,"y":1}]},"v2":{"rotate":[{"time":0,"angle":0},{"time":0.6667,"angle":7.92},{"time":1.3333,"angle":0}],"translate":[{"time":0,"x":0,"y":0},{"time":0.6667,"x":4.23,"y":-4.29},{"time":1.3333,"x":0,"y":0}],"scale":[{"time":0,"x":1,"y":1,"curve":"stepped"},{"time":1.3333,"x":1,"y":1}]},"k2":{"rotate":[{"time":0,"angle":0,"curve":"stepped"},{"time":0.3333,"angle":0,"curve":"stepped"},{"time":0.6667,"angle":0,"curve":"stepped"},{"time":1.3333,"angle":0}],"translate":[{"time":0,"x":0,"y":0},{"time":0.1667,"x":-5.2,"y":8.92},{"time":0.3333,"x":0,"y":0},{"time":0.5,"x":-5.2,"y":8.92},{"time":0.6667,"x":0,"y":0,"curve":"stepped"},{"time":1.3333,"x":0,"y":0}],"scale":[{"time":0,"x":1,"y":1,"curve":"stepped"},{"time":0.3333,"x":1,"y":1,"curve":"stepped"},{"time":0.6667,"x":1,"y":1,"curve":"stepped"},{"time":1.3333,"x":1,"y":1}]},"sao2":{"rotate":[{"time":0,"angle":0,"curve":"stepped"},{"time":1.3333,"angle":0}],"translate":[{"time":0,"x":0,"y":0},{"time":0.6667,"x":5.29,"y":3.06},{"time":1.3333,"x":0,"y":0}],"scale":[{"time":0,"x":1,"y":1},{"time":0.6667,"x":1.257,"y":1.257},{"time":1.3333,"x":1,"y":1}]}}}}}